X,Y,OBJECTID,Geocode_Address,Geocode_Street,Case_Number,OccurredFrom_Date_Year,OccurredFrom_Date_Month,OccurredFrom_Time,OccurredFrom_Timestamp,OccurredThrough_Date_Year,OccurredThrough_Date_Month,OccurredThrough_Time,OccurredThrough_Timestamp,Reported_Date_Year,Reported_Date_Month,Reported_Time,Reported_Timestamp,Address_StreetFull,Address_City,Address_State,Patrol_Beat,Patrol_Section,Case_Status,Statute_Title,Statute_Section,Statute_Subsection,Statute_Degree,Statute_Class,Statute_Category,Statute_Text,Statute_Description,Statute_CrimeCategory,Statute_Attempted,Weapon_Description,Larceny_Type,Location_Type,Geo_Beat,Geo_Section,Geo_Section_Num
-77.608798666477085,43.182167289443441,68767,"74 Farbridge St, Rochester, NY, 14621",74 FARBRIDGE ST,2018-00052319,2018,3,0000,2018-03-08T00:00:00.000Z,2018,3,0000,2018-03-08T00:00:00.000Z,2018,3,0003,2018-03-08T05:03:00.000Z,74 FARBRIDGE ST,Rochester,NY,217,Clinton,Field,PL ,120.05   ,02    ,2,D,F,Aggravated Assault,Assault 2nd: Intent To Cause Physical Injury with Weapon/Ins,4,Completed,Knife/Cutting Instrument,* No Larceny Type Specified *,Street,217,Clinton,7
-77.565702533427853,43.167690639121943,68833,"376 Hazelwood Ter, Rochester, NY, 14609",376 HAZELWOOD TER,2018-00055945,2018,3,1637,2018-03-12T16:37:00.000Z,2018,3,1637,2018-03-12T16:37:00.000Z,2018,3,1637,2018-03-12T20:37:00.000Z,376 HAZELWOOD TER,Rochester,NY,215,Goodman,Warrant Application,PL ,120.14   ,01    ,2,A,M,Aggravated Assault,Menacing 2nd: Weapon                                        ,4,Completed,Knife/Cutting Instrument,* No Larceny Type Specified *,Multiple Dwelling,215,Goodman,5
-77.624357925720261,43.123607946274468,69643,"601 Elmwood Ave, Rochester, NY, 14620",601 ELMWOOD AVE,2018-00055630,2018,3,1800,2018-03-08T18:00:00.000Z,2018,3,0730,2018-03-12T07:30:00.000Z,2018,3,0926,2018-03-12T13:26:00.000Z,601 ELMWOOD AVE,Rochester,NY,263,Genesee,Office,PL ,155.25   ,      ,0,A,M,Larceny,Petit Larceny                                               ,6,Completed,* No Weapon Specified *,Theft from Building,Hospital,263,Genesee,3
-77.624357925720261,43.123607946274468,69644,"601 Elmwood Ave, Rochester, NY, 14620",601 ELMWOOD AVE,2018-00053474,2018,3,1035,2018-03-09T10:35:00.000Z,2018,3,1040,2018-03-09T10:40:00.000Z,2018,3,1042,2018-03-09T15:42:00.000Z,601 ELMWOOD AVE,Rochester,NY,263,Genesee,Office,PL ,155.25   ,      ,0,A,M,Larceny,Petit Larceny                                               ,6,Completed,* No Weapon Specified *,All Other Larcenies,Hospital,263,Genesee,3
-77.624357925720261,43.123607946274468,69645,"601 Elmwood Ave, Rochester, NY, 14620",601 ELMWOOD AVE,2018-00051133,2018,3,1515,2018-03-05T15:15:00.000Z,2018,3,1300,2018-03-06T13:00:00.000Z,2018,3,1511,2018-03-06T20:11:00.000Z,601 ELMWOOD AVE,Rochester,NY,263,Genesee,Office,PL ,155.25   ,      ,0,A,M,Larceny,Petit Larceny                                               ,6,Completed,* No Weapon Specified *,All Other Larcenies,Other Outside Location,263,Genesee,3
-77.624357925720261,43.123607946274468,69654,"601 Elmwood Ave, Rochester, NY, 14620",601 ELMWOOD AVE,2018-00058034,2018,3,0930,2018-03-09T09:30:00.000Z,2018,3,1100,2018-03-09T11:00:00.000Z,2018,3,1030,2018-03-15T14:30:00.000Z,601 ELMWOOD AVE,Rochester,NY,263,Genesee,Office,PL ,155.25   ,      ,0,A,M,Larceny,Petit Larceny                                               ,6,Completed,* No Weapon Specified *,Theft from Building,Hospital,263,Genesee,3
-77.570657898093998,43.231938314883578,70609,"1200 North Kings Hwy, Rochester, NY, 14617",1200 N KINGS HWY,2018-00050105,2018,3,1600,2018-03-04T16:00:00.000Z,2018,3,1630,2018-03-04T16:30:00.000Z,2018,3,1030,2018-03-05T15:30:00.000Z,1200 N KINGS HWY,Rochester,NY,***,***,Office,PL ,155.25   ,      ,0,A,M,Larceny,Petit Larceny                                               ,6,Completed,* No Weapon Specified *,All Other Larcenies,Other Outside Location,205,Goodman,5
-77.572079177828286,43.176088105890656,70736,"1856 Clifford Ave, Rochester, NY, 14609",1856 CLIFFORD AVE,2018-00053577,2018,3,1200,2018-03-06T12:00:00.000Z,2018,3,1215,2018-03-06T12:15:00.000Z,2018,3,1319,2018-03-09T18:19:00.000Z,1856 CLIFFORD AVE,Rochester,NY,205,Goodman,Cleared by Arrest - Adult,PL ,155.25   ,      ,0,A,M,Larceny,Petit Larceny                                               ,6,Completed,* No Weapon Specified *,All Other Larcenies,Multiple Dwelling,205,Goodman,5
-77.593983096909099,43.145457410998752,71727,"15 Edmonds St, Rochester, NY, 14607",15 EDMONDS ST,2018-00054361,2018,3,2330,2018-03-09T23:30:00.000Z,2018,3,1300,2018-03-10T13:00:00.000Z,2018,3,1345,2018-03-10T18:45:00.000Z,15 EDMONDS ST,Rochester,NY,265,Goodman,Office,PL ,155.25   ,      ,0,A,M,Larceny,Petit Larceny                                               ,6,Completed,* No Weapon Specified *,Theft from Motor Vehicle,Street,265,Goodman,5
-77.580281894167243,43.169314741293725,71860,"35 Wabash St, Rochester, NY, 14609",35 WABASH ST,2018-00053029,2018,3,2024,2018-03-08T20:24:00.000Z,2018,3,2024,2018-03-08T20:24:00.000Z,2018,3,2024,2018-03-09T01:24:00.000Z,35 WABASH ST,Rochester,NY,297,Clinton,Field,PL ,120.10   ,01    ,1,B,F,Aggravated Assault,Assault 1st: Intent To Cause Serious Injury With Weapon     ,4,Completed,Semiautomatic Handgun,* No Larceny Type Specified *,Street,297,Clinton,7
-77.628985448132042,43.192272196224316,72694,"1416 Lake Ave, Rochester, NY, 14615",1416 LAKE AVE,2018-00055845,2018,3,1445,2018-03-12T14:45:00.000Z,2018,3,1452,2018-03-12T14:52:00.000Z,2018,3,1452,2018-03-12T18:52:00.000Z,1416 LAKE AVE,Rochester,NY,231,Lake,Office,PL ,120.14   ,01    ,2,A,M,Aggravated Assault,Menacing 2nd: Weapon                                        ,4,Completed,Firearm,* No Larceny Type Specified *,Street,231,Lake,1
-77.648760153674715,43.134068142249625,73369,"53 Enterprise St, Rochester, NY, 14619",53 ENTERPRISE ST,2018-00049569,2018,3,1633,2018-03-04T16:33:00.000Z,2018,3,1633,2018-03-04T16:33:00.000Z,2018,3,1633,2018-03-04T21:33:00.000Z,53 ENTERPRISE ST,Rochester,NY,243,Genesee,Warrant Advised,PL ,120.14   ,01    ,2,A,M,Aggravated Assault,Menacing 2nd: Weapon                                        ,4,Completed,Knife/Cutting Instrument,* No Larceny Type Specified *,Single Family Home,243,Genesee,3
-77.593559513976089,43.159835327290445,73472,"699 E Main St, Rochester, NY, 14605",699 E MAIN ST,2018-00051722,2018,3,1900,2018-03-06T19:00:00.000Z,2018,3,0945,2018-03-07T09:45:00.000Z,2018,3,1000,2018-03-07T15:00:00.000Z,699 E MAIN ST,Rochester,NY,225,Goodman,Office,PL ,155.25   ,      ,0,A,M,Larceny,Petit Larceny                                               ,6,Completed,* No Weapon Specified *,Theft from Motor Vehicle,Parking Lot,225,Goodman,5
-77.651017893269938,43.150995602685342,73797,"450 West Ave, Rochester, NY, 14611",450 WEST AVE,2018-00054298,2018,3,1130,2018-03-10T11:30:00.000Z,2018,3,1130,2018-03-10T11:30:00.000Z,2018,3,1130,2018-03-10T16:30:00.000Z,450 WEST AVE,Rochester,NY,203,Genesee,Cleared by Arrest - Adult,PL ,155.25   ,      ,0,A,M,Larceny,Petit Larceny                                               ,6,Completed,* No Weapon Specified *,Shoplifting,Grocery/Supermarket,203,Genesee,3
-77.651017893269938,43.150995602685342,73798,"450 West Ave, Rochester, NY, 14611",450 WEST AVE,2018-00053584,2018,3,1343,2018-03-09T13:43:00.000Z,2018,3,1343,2018-03-09T13:43:00.000Z,2018,3,1343,2018-03-09T18:43:00.000Z,450 WEST AVE,Rochester,NY,203,Genesee,Cleared by Arrest - Adult,PL ,155.25   ,      ,0,A,M,Larceny,Petit Larceny                                               ,6,Completed,* No Weapon Specified *,Shoplifting,Grocery/Supermarket,203,Genesee,3
-77.591226477551146,43.137892286403073,74424,"109 Asbury St, Rochester, NY, 14620",109 ASBURY ST,2018-00052874,2018,3,1700,2018-03-08T17:00:00.000Z,2018,3,1700,2018-03-08T17:00:00.000Z,2018,3,1714,2018-03-08T22:14:00.000Z,109 ASBURY ST,Rochester,NY,255,Goodman,Cleared by Arrest - Adult,PL ,160.05   ,      ,3,D,F,Robbery,Robbery 3rd                                                 ,3,Completed,Personal Weapons,* No Larceny Type Specified *,Single Family Home,255,Goodman,5
-77.594003971426588,43.191267621133854,74820,"54 Van Olinda St, Rochester, NY, 14621",54 VAN OLINDA ST,2018-00049983,2018,3,0649,2018-03-05T06:49:00.000Z,2018,3,0654,2018-03-05T06:54:00.000Z,2018,3,0654,2018-03-05T11:54:00.000Z,54 VAN OLINDA ST,Rochester,NY,237,Clinton,Office,PL ,155.30   ,08    ,4,E,F,Motor Vehicle Theft,Grand Larceny 4th: Motor Vehicle Value Exceeds $100         ,7,Completed,* No Weapon Specified *,All Other Larcenies,Single Family Home,237,Clinton,7
-77.639355631786017,43.193081658240374,74947,"1431 Dewey Ave, Rochester, NY, 14615",1431 DEWEY AVE,2018-00051585,2018,3,0201,2018-03-07T02:01:00.000Z,2018,3,0203,2018-03-07T02:03:00.000Z,2018,3,0203,2018-03-07T07:03:00.000Z,1431 DEWEY AVE,Rochester,NY,221,Lake,Office,PL ,155.25   ,      ,0,A,M,Larceny,Petit Larceny                                               ,6,Completed,* No Weapon Specified *,Shoplifting,Gas Station,221,Lake,1
-77.639355631786017,43.193081658240374,74957,"1431 Dewey Ave, Rochester, NY, 14615",1431 DEWEY AVE,2018-00052317,2018,3,2350,2018-03-07T23:50:00.000Z,2018,3,0000,2018-03-08T00:00:00.000Z,2018,3,0000,2018-03-08T05:00:00.000Z,1431 DEWEY AVE,Rochester,NY,221,Lake,Office,PL ,155.25   ,      ,0,A,M,Larceny,Petit Larceny                                               ,6,Completed,* No Weapon Specified *,Shoplifting,Gas Station,221,Lake,1
-77.62703252515152,43.171800833784538,75155,"400 Lake Ave, Rochester, NY, 14613",400 LAKE AVE,2018-00055174,2018,3,1947,2018-03-10T19:47:00.000Z,2018,3,1947,2018-03-10T19:47:00.000Z,2018,3,1618,2018-03-11T20:18:00.000Z,400 LAKE AVE,Rochester,NY,271,Lake,Cleared by Arrest - Adult,PL ,155.25   ,      ,0,A,M,Larceny,Petit Larceny                                               ,6,Completed,* No Weapon Specified *,Shoplifting,Grocery/Supermarket,271,Lake,1
-77.634680375692284,43.183113630431421,75209,"32 Lake View Park, Rochester, NY, 14613",32 LAKE VIEW PARK,2018-00056783,2018,3,2200,2018-03-12T22:00:00.000Z,2018,3,0530,2018-03-13T05:30:00.000Z,2018,3,1831,2018-03-13T22:31:00.000Z,32 LAKE VIEW PARK,Rochester,NY,231,Lake,Office,PL ,155.25   ,      ,0,A,M,Larceny,Petit Larceny                                               ,6,Completed,* No Weapon Specified *,Theft from Motor Vehicle,Street,231,Lake,1
-77.653452061533343,43.134449390331099,75736,"85 Hillendale St, Rochester, NY, 14619",85 HILLENDALE ST,2018-00055533,2018,3,2300,2018-03-11T23:00:00.000Z,2018,3,0200,2018-03-12T02:00:00.000Z,2018,3,0514,2018-03-12T09:14:00.000Z,85 HILLENDALE ST,Rochester,NY,243,Genesee,Warrant Application,PL ,155.25   ,      ,0,A,M,Larceny,Petit Larceny                                               ,6,Completed,* No Weapon Specified *,All Other Larcenies,Multiple Dwelling,243,Genesee,3
-77.612913842918047,43.175318075396184,154,"892 N Clinton Ave, Rochester, NY, 14621",892 N CLINTON AVE,2018-00051145,2018,3,2200,2018-03-05T22:00:00.000Z,2018,3,2200,2018-03-05T22:00:00.000Z,2018,3,1439,2018-03-06T19:39:00.000Z,892 N CLINTON AVE,Rochester,NY,247,Clinton,Field,PL ,160.15   ,02    ,1,B,F,Robbery,Robbery 1st: Forcible Theft Armed With a Deadly Weapon      ,3,Completed,Semiautomatic Handgun,* No Larceny Type Specified *,Street,247,Clinton,7
-77.651811107452517,43.202984587930359,2240,"933 W Ridge Rd, Rochester, NY, 14615",933 W RIDGE ROAD,2018-00052363,2018,3,0151,2018-03-08T01:51:00.000Z,2018,3,0151,2018-03-08T01:51:00.000Z,2018,3,0151,2018-03-08T06:51:00.000Z,933 W RIDGE ROAD,Rochester,NY,221,Lake,Field,PL ,155.25   ,      ,0,A,M,Larceny,Petit Larceny                                               ,6,Completed,* No Weapon Specified *,Shoplifting,Gas Station,221,Lake,1
-77.610942192088245,43.194211897010987,2371,"277 E Ridge Rd, Rochester, NY, 14621",277 E RIDGE ROAD,2018-00057898,2018,3,0520,2018-03-15T05:20:00.000Z,2018,3,0525,2018-03-15T05:25:00.000Z,2018,3,0525,2018-03-15T09:25:00.000Z,277 E RIDGE ROAD,Rochester,NY,207,Clinton,Field,PL ,160.15   ,02    ,1,B,F,Robbery,Robbery 1st: Forcible Theft Armed With a Deadly Weapon      ,3,Completed,Semiautomatic Handgun,* No Larceny Type Specified *,Restaurant,207,Clinton,7
-77.605933927778338,43.153271670923075,2704,"15 St Marys Pl, Rochester, NY, 14604",15 ST MARYS PL,2018-00050595,2018,3,1830,2018-03-05T18:30:00.000Z,2018,3,1830,2018-03-05T18:30:00.000Z,2018,3,2023,2018-03-06T01:23:00.000Z,15 ST MARYS PL,Rochester,NY,219,Central,Office,PL ,155.25   ,      ,0,A,M,Larceny,Petit Larceny                                               ,6,Completed,* No Weapon Specified *,Theft from Motor Vehicle,Street,219,Central,9
-77.609783033619351,43.170427836648571,2917,"285 Upper Falls Blvd, Rochester, NY, 14605",285 UPPER FALLS BLVD,2018-00054446,2018,3,1553,2018-03-10T15:53:00.000Z,2018,3,1553,2018-03-10T15:53:00.000Z,2018,3,1553,2018-03-10T20:53:00.000Z,285 UPPER FALLS BLVD,Rochester,NY,287,Clinton,Cleared by Arrest - Adult,PL ,155.25   ,      ,0,A,M,Larceny,Petit Larceny                                               ,6,Completed,* No Weapon Specified *,Shoplifting,Grocery/Supermarket,287,Clinton,7
-77.609783033619351,43.170427836648571,2928,"285 Upper Falls Blvd, Rochester, NY, 14605",285 UPPER FALLS BLVD,2018-00057249,2018,3,1120,2018-03-14T11:20:00.000Z,2018,3,1120,2018-03-14T11:20:00.000Z,2018,3,1125,2018-03-14T15:25:00.000Z,285 UPPER FALLS BLVD,Rochester,NY,287,Clinton,Cleared by Arrest - Adult,PL ,155.25   ,      ,0,A,M,Larceny,Petit Larceny                                               ,6,Completed,* No Weapon Specified *,Shoplifting,Grocery/Supermarket,287,Clinton,7
-77.565035039774472,43.18063317856565,3560,"940 Fernwood Park, Rochester, NY, 14609",940 FERNWOOD PARK,2018-00056686,2018,3,1000,2018-03-13T10:00:00.000Z,2018,3,1605,2018-03-13T16:05:00.000Z,2018,3,1606,2018-03-13T20:06:00.000Z,940 FERNWOOD PARK,Rochester,NY,205,Goodman,Office,PL ,155.25   ,      ,0,A,M,Larceny,Petit Larceny                                               ,6,Completed,* No Weapon Specified *,Theft from Motor Vehicle,Parking Lot,205,Goodman,5
-77.628364747605119,43.172945418963806,3864,"440 Lake Ave, Rochester, NY, 14613",440 LAKE AVE,2018-00056218,2018,3,0025,2018-03-13T00:25:00.000Z,2018,3,0030,2018-03-13T00:30:00.000Z,2018,3,0041,2018-03-13T04:41:00.000Z,440 LAKE AVE,Rochester,NY,271,Lake,Office,PL ,155.25   ,      ,0,A,M,Larceny,Petit Larceny                                               ,6,Completed,* No Weapon Specified *,Purse-snatching,Street,271,Lake,1
-77.639377705548043,43.190550149311186,4138,"1325 Dewey Ave, Rochester, NY, 14613",1325 DEWEY AVE,2018-00050147,2018,3,1114,2018-03-05T11:14:00.000Z,2018,3,1119,2018-03-05T11:19:00.000Z,2018,3,1119,2018-03-05T16:19:00.000Z,1325 DEWEY AVE,Rochester,NY,221,Lake,Office,PL ,155.25   ,      ,0,A,M,Larceny,Petit Larceny                                               ,6,Completed,* No Weapon Specified *,Theft from Building,Department/Discount Store,221,Lake,1
-77.557100923728143,43.14650297085344,5063,"1750 East Ave, Rochester, NY, 14610",1750 EAST AVE,2018-00049914,2018,3,0201,2018-03-05T02:01:00.000Z,2018,3,0201,2018-03-05T02:01:00.000Z,2018,3,0201,2018-03-05T07:01:00.000Z,1750 EAST AVE,Rochester,NY,255,Goodman,Cleared by Arrest - Adult,PL ,155.25   ,      ,0,A,M,Larceny,Petit Larceny                                               ,6,Completed,* No Weapon Specified *,Shoplifting,Grocery/Supermarket,255,Goodman,5
-77.637286948582855,43.195632346326896,6152,"142 Avis St, Rochester, NY, 14615",142 AVIS ST,2018-00051928,2018,3,1800,2018-03-06T18:00:00.000Z,2018,3,1800,2018-03-06T18:00:00.000Z,2018,3,1520,2018-03-07T20:20:00.000Z,142 AVIS ST,Rochester,NY,211,Lake,Warrant Advised,PL ,155.25   ,      ,0,A,M,Larceny,Petit Larceny                                               ,6,Completed,* No Weapon Specified *,Theft from Building,Single Family Home,211,Lake,1
-77.583096470908472,43.140650204896204,6474,"970 Monroe Ave, Rochester, NY, 14620",970 MONROE AVE,2018-00049227,2018,3,2000,2018-03-03T20:00:00.000Z,2018,3,0050,2018-03-04T00:50:00.000Z,2018,3,0100,2018-03-04T06:00:00.000Z,970 MONROE AVE,Rochester,NY,255,Goodman,Office,PL ,155.25   ,      ,0,A,M,Larceny,Petit Larceny                                               ,6,Completed,* No Weapon Specified *,All Other Larcenies,Multiple Dwelling,255,Goodman,5
-77.635665516029917,43.191522333891541,6786,"207 Clay Ave, Rochester, NY, 14613",207 CLAY AVE,2018-00055901,2018,3,0730,2018-03-11T07:30:00.000Z,2018,3,1500,2018-03-12T15:00:00.000Z,2018,3,1540,2018-03-12T19:40:00.000Z,207 CLAY AVE,Rochester,NY,231,Lake,Office,PL ,155.25   ,      ,0,A,M,Larceny,Petit Larceny                                               ,6,Completed,* No Weapon Specified *,Theft from Motor Vehicle,Yard,231,Lake,1
-77.642617068984194,43.208015684826606,10133,"135 Parkwood Rd, Rochester, NY, 14615",135 PARKWOOD ROAD,2018-00056023,2018,3,1200,2018-03-11T12:00:00.000Z,2018,3,1200,2018-03-11T12:00:00.000Z,2018,3,1806,2018-03-12T22:06:00.000Z,135 PARKWOOD ROAD,Rochester,NY,211,Lake,Exceptional Clearance,PL ,165.05   ,01    ,3,A,M,Motor Vehicle Theft,Unauthorized Use of a Vehicle: Without Owner Consent        ,7,Completed,* No Weapon Specified *,Motor Vehicle Theft,Street,211,Lake,1
-77.564687474316983,43.158916195425441,11674,"1801 E Main St, Rochester, NY, 14609",1801 E MAIN ST,2018-00052734,2018,3,1100,2018-03-08T11:00:00.000Z,2018,3,1115,2018-03-08T11:15:00.000Z,2018,3,1458,2018-03-08T19:58:00.000Z,1801 E MAIN ST,Rochester,NY,235,Goodman,Office,PL ,155.25   ,      ,0,A,M,Larceny,Petit Larceny                                               ,6,Completed,* No Weapon Specified *,All Other Larcenies,School,235,Goodman,5
-77.607072205731583,43.139543325459748,11877,"245 Cypress St, Rochester, NY, 14620",245 CYPRESS ST,2018-00056201,2018,3,2357,2018-03-12T23:57:00.000Z,2018,3,2359,2018-03-12T23:59:00.000Z,2018,3,2357,2018-03-13T03:57:00.000Z,245 CYPRESS ST,Rochester,NY,229,Central,Field,PL ,160.15   ,04    ,1,B,F,Robbery,Robbery 1st: Displays What Appears To Be a Firearm          ,3,Completed,Semiautomatic Handgun,* No Larceny Type Specified *,Single Family Home,229,Central,9
-77.601525307712166,43.156685969386032,12624,"107 East Ave, Rochester, NY, 14604",107 EAST AVE,2018-00049174,2018,3,2300,2018-03-03T23:00:00.000Z,2018,3,2330,2018-03-03T23:30:00.000Z,2018,3,2341,2018-03-05T04:41:00.000Z,107 EAST AVE,Rochester,NY,219,Central,Office,PL ,155.25   ,      ,0,A,M,Larceny,Petit Larceny                                               ,6,Completed,* No Weapon Specified *,All Other Larcenies,Bar,219,Central,9
-77.575993777712242,43.176770371416119,13318,"1215 N Goodman St, Rochester, NY, 14609",1215 N GOODMAN ST,2018-00056724,2018,3,1500,2018-03-09T15:00:00.000Z,2018,3,2046,2018-03-10T20:46:00.000Z,2018,3,1654,2018-03-13T20:54:00.000Z,1215 N GOODMAN ST,Rochester,NY,205,Goodman,Office,PL ,155.25   ,      ,0,A,M,Larceny,Petit Larceny                                               ,6,Completed,* No Weapon Specified *,All Other Larcenies,Single Family Home,205,Goodman,5
-77.584945853343513,43.168207762239525,14928,"375 Central Park, Rochester, NY, 14605",375 CENTRAL PARK,2018-00056217,2018,3,2339,2018-03-12T23:39:00.000Z,2018,3,2339,2018-03-12T23:39:00.000Z,2018,3,2339,2018-03-13T03:39:00.000Z,375 CENTRAL PARK,Rochester,NY,297,Clinton,Cleared by Arrest - Adult,PL ,120.05   ,02    ,2,D,F,Aggravated Assault,Assault 2nd: Intent To Cause Physical Injury with Weapon/Ins,4,Completed,Blunt Object,* No Larceny Type Specified *,Single Family Home,297,Clinton,7
-77.618763766297278,43.161255539343387,15120,"312 State St, Rochester, NY, 14608",312 STATE ST,2018-00057560,2018,3,1000,2018-03-14T10:00:00.000Z,2018,3,1700,2018-03-14T17:00:00.000Z,2018,3,1810,2018-03-14T22:10:00.000Z,312 STATE ST,Rochester,NY,209,Central,Office,PL ,155.25   ,      ,0,A,M,Larceny,Petit Larceny                                               ,6,Completed,* No Weapon Specified *,All Other Larcenies,Other Outside Location,209,Central,9
-77.588080919853311,43.146884643187214,15392,"209 Harvard St, Rochester, NY, 14607",209 HARVARD ST,2018-00050152,2018,3,1630,2018-03-04T16:30:00.000Z,2018,3,0910,2018-03-05T09:10:00.000Z,2018,3,1120,2018-03-05T16:20:00.000Z,209 HARVARD ST,Rochester,NY,245,Goodman,Office,PL ,155.25   ,      ,0,A,M,Larceny,Petit Larceny                                               ,6,Completed,* No Weapon Specified *,Theft from Motor Vehicle,Parking Lot,245,Goodman,5
-77.639109378770911,43.179617418785369,15433,"780 Dewey Ave, Rochester, NY, 14613",780 DEWEY AVE,2018-00054108,2018,3,0130,2018-03-10T01:30:00.000Z,2018,3,0145,2018-03-10T01:45:00.000Z,2018,3,0156,2018-03-10T06:56:00.000Z,780 DEWEY AVE,Rochester,NY,251,Lake,Office,PL ,155.25   ,      ,0,A,M,Larceny,Petit Larceny                                               ,6,Completed,* No Weapon Specified *,Shoplifting,Gas Station,251,Lake,1
-77.649073455019945,43.169741818692358,18099,"243 Burrows St, Rochester, NY, 14606",243 BURROWS ST,2018-00056205,2018,3,0000,2018-03-13T00:00:00.000Z,2018,3,0008,2018-03-13T00:08:00.000Z,2018,3,0008,2018-03-13T04:08:00.000Z,243 BURROWS ST,Rochester,NY,261,Lake,Cleared by Arrest - Adult,PL ,165.05   ,01    ,3,A,M,Motor Vehicle Theft,Unauthorized Use of a Vehicle: Without Owner Consent        ,7,Completed,* No Weapon Specified *,* No Larceny Type Specified *,Multiple Dwelling,261,Lake,1
-77.60327908778612,43.159266984228175,18589,"111 N Chestnut St, Rochester, NY, 14604",111 N CHESTNUT ST,2018-00049551,2018,3,1110,2018-03-04T11:10:00.000Z,2018,3,1110,2018-03-04T11:10:00.000Z,2018,3,1445,2018-03-04T19:45:00.000Z,111 N CHESTNUT ST,Rochester,NY,219,Central,Office,PL ,155.25   ,      ,0,A,M,Larceny,Petit Larceny                                               ,6,Completed,* No Weapon Specified *,All Other Larcenies,Other Outside Location,219,Central,9
-77.59096838311163,43.166111786612959,18931,"285 N Union St, Rochester, NY, 14605",285 N UNION ST,2018-00054259,2018,3,2200,2018-03-09T22:00:00.000Z,2018,3,1000,2018-03-10T10:00:00.000Z,2018,3,1049,2018-03-10T15:49:00.000Z,285 N UNION ST,Rochester,NY,297,Clinton,Office,PL ,155.25   ,      ,0,A,M,Larceny,Petit Larceny                                               ,6,Completed,* No Weapon Specified *,All Other Larcenies,Other Outside Location,297,Clinton,7
-77.607624412896513,43.15959945179759,19062,"113 N Clinton Ave, Rochester, NY, 14604",113 N CLINTON AVE,2018-00053828,2018,3,0000,2018-03-09T00:00:00.000Z,2018,3,1830,2018-03-09T18:30:00.000Z,2018,3,1843,2018-03-09T23:43:00.000Z,113 N CLINTON AVE,Rochester,NY,219,Central,Office,PL ,155.25   ,      ,0,A,M,Larceny,Petit Larceny                                               ,6,Completed,* No Weapon Specified *,Theft from Building,Multiple Dwelling,219,Central,9
-77.623961485974647,43.164213651369685,19878,"294 Smith St, Rochester, NY, 14608",294 SMITH ST,2018-00049644,2018,3,1616,2018-03-04T16:16:00.000Z,2018,3,1616,2018-03-04T16:16:00.000Z,2018,3,1616,2018-03-04T21:16:00.000Z,294 SMITH ST,Rochester,NY,209,Central,Office,PL ,140.25   ,02    ,2,C,F,Burglary,Burglary 2nd: Illegal Entry: Dwelling                       ,5,Completed,* No Weapon Specified *,* No Larceny Type Specified *,Multiple Dwelling,209,Central,9
-77.630956516767071,43.137758010641967,20465,"297 Magnolia St, Rochester, NY, 14611",297 MAGNOLIA ST,2018-00050453,2018,3,1653,2018-03-05T16:53:00.000Z,2018,3,1653,2018-03-05T16:53:00.000Z,2018,3,1653,2018-03-05T21:53:00.000Z,297 MAGNOLIA ST,Rochester,NY,253,Genesee,Office,PL ,155.25   ,      ,0,A,M,Larceny,Petit Larceny                                               ,6,Completed,* No Weapon Specified *,All Other Larcenies,Multiple Dwelling,253,Genesee,3
-77.63792914945067,43.164412772743461,21300,"437 Lyell Ave, Rochester, NY, 14606",437 LYELL AVE,2018-00052838,2018,3,1644,2018-03-08T16:44:00.000Z,2018,3,1644,2018-03-08T16:44:00.000Z,2018,3,1644,2018-03-08T21:44:00.000Z,437 LYELL AVE,Rochester,NY,291,Lake,Cleared by Arrest - Adult,PL ,155.25   ,      ,0,A,M,Larceny,Petit Larceny                                               ,6,Completed,* No Weapon Specified *,Shoplifting,Drug Store,291,Lake,1
-77.599277933342833,43.164037359255133,22029,"39 Woodward St, Rochester, NY, 14605",39 WOODWARD ST,2018-00051236,2018,3,1640,2018-03-06T16:40:00.000Z,2018,3,1640,2018-03-06T16:40:00.000Z,2018,3,1640,2018-03-06T21:40:00.000Z,39 WOODWARD ST,Rochester,NY,287,Clinton,Cleared by Arrest - Juvenile,PL ,120.14   ,01    ,2,A,M,Aggravated Assault,Menacing 2nd: Weapon                                        ,4,Completed,Knife/Cutting Instrument,* No Larceny Type Specified *,Single Family Home,287,Clinton,7
-77.631028758161719,43.178547669079727,23072,"710 Lake Ave, Rochester, NY, 14613",710 LAKE AVE,2018-00051108,2018,3,1425,2018-03-06T14:25:00.000Z,2018,3,1425,2018-03-06T14:25:00.000Z,2018,3,1425,2018-03-06T19:25:00.000Z,710 LAKE AVE,Rochester,NY,251,Lake,Cleared by Arrest - Adult,PL ,155.25   ,      ,0,A,M,Larceny,Petit Larceny                                               ,6,Completed,* No Weapon Specified *,Shoplifting,Grocery/Supermarket,251,Lake,1
-77.576902013080542,43.183721351722312,24942,"2 Perkins Ave, Rochester, NY, 14609",2 PERKINS AVE,2018-00049426,2018,3,0425,2018-03-04T04:25:00.000Z,2018,3,0430,2018-03-04T04:30:00.000Z,2018,3,0913,2018-03-04T14:13:00.000Z,2 PERKINS AVE,Rochester,NY,237,Clinton,Office,PL ,160.05   ,      ,3,D,F,Robbery,Robbery 3rd                                                 ,3,Attempted,Personal Weapons,* No Larceny Type Specified *,Street,237,Clinton,7
-77.639569985248414,43.178473236598023,25209,"735 Dewey Ave, Rochester, NY, 14613",735 DEWEY AVE,2018-00054942,2018,3,0809,2018-03-11T08:09:00.000Z,2018,3,0814,2018-03-11T08:14:00.000Z,2018,3,0814,2018-03-11T12:14:00.000Z,735 DEWEY AVE,Rochester,NY,241,Lake,Office,PL ,155.25   ,      ,0,A,M,Larceny,Petit Larceny                                               ,6,Completed,* No Weapon Specified *,All Other Larcenies,Gas Station,241,Lake,1
-77.599055159061223,43.175799188588215,26048,"627 Hudson Ave, Rochester, NY, 14621",627 HUDSON AVE,2018-00056666,2018,3,1300,2018-03-11T13:00:00.000Z,2018,3,1200,2018-03-12T12:00:00.000Z,2018,3,1554,2018-03-13T19:54:00.000Z,627 HUDSON AVE,Rochester,NY,257,Clinton,Office,PL ,140.20   ,      ,3,D,F,Burglary,Burglary 3rd: Illegal Entry with Intent to Commit a Crime   ,5,Completed,* No Weapon Specified *,* No Larceny Type Specified *,***,257,Clinton,7
-77.625064698406931,43.139404334549006,26629,"385 Seward St, Rochester, NY, 14608",385 SEWARD ST,2018-00055359,2018,3,0200,2018-03-11T02:00:00.000Z,2018,3,1900,2018-03-11T19:00:00.000Z,2018,3,2118,2018-03-12T01:18:00.000Z,385 SEWARD ST,Rochester,NY,253,Genesee,Office,PL ,140.25   ,02    ,2,C,F,Burglary,Burglary 2nd: Illegal Entry: Dwelling                       ,5,Completed,* No Weapon Specified *,* No Larceny Type Specified *,Multiple Dwelling,253,Genesee,3
-77.625329791561228,43.145249746083572,27211,"190 Reynolds St, Rochester, NY, 14608",190 REYNOLDS ST,2018-00055885,2018,3,1534,2018-03-12T15:34:00.000Z,2018,3,1534,2018-03-12T15:34:00.000Z,2018,3,1534,2018-03-12T19:34:00.000Z,190 REYNOLDS ST,Rochester,NY,233,Genesee,Field,PL ,120.14   ,01    ,2,A,M,Aggravated Assault,Menacing 2nd: Weapon                                        ,4,Completed,Semiautomatic Handgun,* No Larceny Type Specified *,Street,233,Genesee,3
-77.648638854936905,43.179395360554167,27229,"688 Lexington Ave, Rochester, NY, 14613",688 LEXINGTON AVE,2018-00056492,2018,3,2100,2018-03-12T21:00:00.000Z,2018,3,1047,2018-03-13T10:47:00.000Z,2018,3,1130,2018-03-13T15:30:00.000Z,688 LEXINGTON AVE,Rochester,NY,241,Lake,Office,PL ,155.25   ,      ,0,A,M,Larceny,Petit Larceny                                               ,6,Completed,* No Weapon Specified *,All Other Larcenies,Bar,241,Lake,1
-77.627881890281046,43.152011489172082,29011,"567 W Main St, Rochester, NY, 14608",567 W MAIN ST,2018-00056812,2018,3,1910,2018-03-13T19:10:00.000Z,2018,3,1910,2018-03-13T19:10:00.000Z,2018,3,1910,2018-03-13T23:10:00.000Z,567 W MAIN ST,Rochester,NY,213,Genesee,Office,PL ,120.05   ,02    ,2,D,F,Aggravated Assault,Assault 2nd: Intent To Cause Physical Injury with Weapon/Ins,4,Completed,Unknown,* No Larceny Type Specified *,Gas Station,213,Genesee,3
-77.627881890281046,43.152011489172082,29012,"567 W Main St, Rochester, NY, 14608",567 W MAIN ST,2018-00056340,2018,3,0704,2018-03-13T07:04:00.000Z,2018,3,0708,2018-03-13T07:08:00.000Z,2018,3,0704,2018-03-13T11:04:00.000Z,567 W MAIN ST,Rochester,NY,213,Genesee,Cleared by Arrest - Adult,PL ,165.05   ,01    ,3,A,M,Motor Vehicle Theft,Unauthorized Use of a Vehicle: Without Owner Consent        ,7,Completed,* No Weapon Specified *,* No Larceny Type Specified *,Gas Station,213,Genesee,3
-77.642465627043023,43.16879169120876,30566,"443 Murray St, Rochester, NY, 14606",443 MURRAY ST,2018-00054761,2018,3,1700,2018-03-10T17:00:00.000Z,2018,3,2320,2018-03-10T23:20:00.000Z,2018,3,2320,2018-03-11T04:20:00.000Z,443 MURRAY ST,Rochester,NY,261,Lake,Office,PL ,140.25   ,02    ,2,C,F,Burglary,Burglary 2nd: Illegal Entry: Dwelling                       ,5,Completed,* No Weapon Specified *,* No Larceny Type Specified *,Single Family Home,261,Lake,1
-77.61403454670527,43.25894236634084,31619,"65 Alpha St, Rochester, NY, 14612",65 ALPHA ST,2018-00054054,2018,3,0035,2018-03-10T00:35:00.000Z,2018,3,0035,2018-03-10T00:35:00.000Z,2018,3,0039,2018-03-10T05:39:00.000Z,65 ALPHA ST,Rochester,NY,201,Lake,Cleared by Arrest - Juvenile,PL ,155.30   ,08    ,4,E,F,Motor Vehicle Theft,Grand Larceny 4th: Motor Vehicle Value Exceeds $100         ,7,Completed,* No Weapon Specified *,Motor Vehicle Theft,Single Family Home,201,Lake,1
-77.646787484862728,43.140104632404345,32961,"314 Sherwood Ave, Rochester, NY, 14619",314 SHERWOOD AVE,2018-00056058,2018,3,1916,2018-03-12T19:16:00.000Z,2018,3,1916,2018-03-12T19:16:00.000Z,2018,3,1916,2018-03-12T23:16:00.000Z,314 SHERWOOD AVE,Rochester,NY,223,Genesee,Office,PL ,140.25   ,02    ,2,C,F,Burglary,Burglary 2nd: Illegal Entry: Dwelling                       ,5,Completed,* No Weapon Specified *,* No Larceny Type Specified *,Multiple Dwelling,223,Genesee,3
-77.589198294044607,43.141114655016302,33877,"56 Lansdale St, Rochester, NY, 14620",56 LANSDALE ST,2018-00056857,2018,3,1134,2018-03-12T11:34:00.000Z,2018,3,1600,2018-03-12T16:00:00.000Z,2018,3,2036,2018-03-14T00:36:00.000Z,56 LANSDALE ST,Rochester,NY,265,Goodman,Office,PL ,155.25   ,      ,0,A,M,Larceny,Petit Larceny                                               ,6,Completed,* No Weapon Specified *,All Other Larcenies,Single Family Home,265,Goodman,5
-77.662582433318462,43.165106617526384,36540,"1410 Lyell Ave, Rochester, NY, 14606",1410 LYELL AVE,2018-00057073,2018,3,0133,2018-03-14T01:33:00.000Z,2018,3,0133,2018-03-14T01:33:00.000Z,2018,3,0644,2018-03-14T10:44:00.000Z,1410 LYELL AVE,Rochester,NY,281,Lake,Field,PL ,140.20   ,      ,3,D,F,Burglary,Burglary 3rd: Illegal Entry with Intent to Commit a Crime   ,5,Completed,* No Weapon Specified *,* No Larceny Type Specified *,Restaurant,281,Lake,1
-77.637834859304363,43.132745195767285,37734,"276 Barton St, Rochester, NY, 14619",276 BARTON ST,2018-00053336,2018,3,1600,2018-03-08T16:00:00.000Z,2018,3,0645,2018-03-09T06:45:00.000Z,2018,3,0653,2018-03-09T11:53:00.000Z,276 BARTON ST,Rochester,NY,253,Genesee,Office,PL ,140.20   ,      ,3,D,F,Burglary,Burglary 3rd: Illegal Entry with Intent to Commit a Crime   ,5,Completed,* No Weapon Specified *,* No Larceny Type Specified *,Single Family Home,253,Genesee,3
-77.628324337858913,43.230267677635219,37757,"60 Winans St, Rochester, NY, 14612",60 WINANS ST,2018-00056336,2018,3,2000,2018-03-12T20:00:00.000Z,2018,3,0715,2018-03-13T07:15:00.000Z,2018,3,0745,2018-03-13T11:45:00.000Z,60 WINANS ST,Rochester,NY,201,Lake,Office,PL ,155.25   ,      ,0,A,M,Larceny,Petit Larceny                                               ,6,Completed,* No Weapon Specified *,Theft from Motor Vehicle,Street,201,Lake,1
-77.579579429502701,43.169243560962016,38111,"836 N Goodman St, Rochester, NY, 14609",836 N GOODMAN ST,2018-00055136,2018,3,1500,2018-03-11T15:00:00.000Z,2018,3,1500,2018-03-11T15:00:00.000Z,2018,3,1505,2018-03-11T19:05:00.000Z,836 N GOODMAN ST,Rochester,NY,215,Goodman,Office,PL ,160.15   ,02    ,1,B,F,Robbery,Robbery 1st: Forcible Theft Armed With a Deadly Weapon      ,3,Attempted,Knife/Cutting Instrument,* No Larceny Type Specified *,Parking Lot,215,Goodman,5
-77.579579429502701,43.169243560962016,38112,"836 N Goodman St, Rochester, NY, 14609",836 N GOODMAN ST,2018-00055019,2018,3,1127,2018-03-11T11:27:00.000Z,2018,3,1127,2018-03-11T11:27:00.000Z,2018,3,1127,2018-03-11T15:27:00.000Z,836 N GOODMAN ST,Rochester,NY,215,Goodman,Cleared by Arrest - Adult,PL ,155.25   ,      ,0,A,M,Larceny,Petit Larceny                                               ,6,Completed,* No Weapon Specified *,Purse-snatching,Other Outside Location,215,Goodman,5
-77.632613023485547,43.179168105972792,38750,"121 Lexington Ave, Rochester, NY, 14613",121 LEXINGTON AVE,2018-00056650,2018,3,1100,2018-03-13T11:00:00.000Z,2018,3,1536,2018-03-13T15:36:00.000Z,2018,3,1536,2018-03-13T19:36:00.000Z,121 LEXINGTON AVE,Rochester,NY,251,Lake,Office,PL ,140.25   ,02    ,2,C,F,Burglary,Burglary 2nd: Illegal Entry: Dwelling                       ,5,Completed,* No Weapon Specified *,* No Larceny Type Specified *,Single Family Home,251,Lake,1
-77.631113762251744,43.174795886072459,38843,"180 Fulton Ave, Rochester, NY, 14613",180 FULTON AVE,2018-00057515,2018,3,1615,2018-03-14T16:15:00.000Z,2018,3,1715,2018-03-14T17:15:00.000Z,2018,3,1715,2018-03-14T21:15:00.000Z,180 FULTON AVE,Rochester,NY,251,Lake,Office,PL ,155.25   ,      ,0,A,M,Larceny,Petit Larceny                                               ,6,Completed,* No Weapon Specified *,All Other Larcenies,Other Outside Location,251,Lake,1
-77.642888947686998,43.165011588538945,39667,"2 Austin St, Rochester, NY, 14606",2 AUSTIN ST,2018-00057447,2018,3,0830,2018-03-14T08:30:00.000Z,2018,3,1100,2018-03-14T11:00:00.000Z,2018,3,1605,2018-03-14T20:05:00.000Z,2 AUSTIN ST,Rochester,NY,261,Lake,Office,PL ,155.25   ,      ,0,A,M,Larceny,Petit Larceny                                               ,6,Completed,* No Weapon Specified *,Theft from Building,School,261,Lake,1
-77.634804966060912,43.159478527904405,40117,"542 Jay St, Rochester, NY, 14611",542 JAY ST,2018-00049842,2018,3,2317,2018-03-04T23:17:00.000Z,2018,3,2317,2018-03-04T23:17:00.000Z,2018,3,2318,2018-03-05T04:18:00.000Z,542 JAY ST,Rochester,NY,291,Lake,Office,PL ,155.30   ,08    ,4,E,F,Motor Vehicle Theft,Grand Larceny 4th: Motor Vehicle Value Exceeds $100         ,7,Completed,* No Weapon Specified *,Motor Vehicle Theft,Street,291,Lake,1
-77.638553209049803,43.190478377181421,40140,"1312 Dewey Ave, Rochester, NY, 14613",1312 DEWEY AVE,2018-00050737,2018,3,0100,2018-03-06T01:00:00.000Z,2018,3,0101,2018-03-06T01:01:00.000Z,2018,3,0104,2018-03-06T06:04:00.000Z,1312 DEWEY AVE,Rochester,NY,231,Lake,Office,PL ,140.20   ,      ,3,D,F,Burglary,Burglary 3rd: Illegal Entry with Intent to Commit a Crime   ,5,Completed,* No Weapon Specified *,* No Larceny Type Specified *,Other Building,231,Lake,1
-77.600345017788868,43.193378711112139,40245,"1475 Hudson Ave, Rochester, NY, 14621",1475 HUDSON AVE,2018-00049677,2018,3,1735,2018-03-04T17:35:00.000Z,2018,3,1735,2018-03-04T17:35:00.000Z,2018,3,1743,2018-03-04T22:43:00.000Z,1475 HUDSON AVE,Rochester,NY,207,Clinton,Office,PL ,155.25   ,      ,0,A,M,Larceny,Petit Larceny                                               ,6,Completed,* No Weapon Specified *,All Other Larcenies,Dry Cleaners/Laundry,207,Clinton,7
-77.636202944375682,43.181113003676344,40621,"234 Driving Park Ave, Rochester, NY, 14613",234 DRIVING PARK AVE,2018-00056476,2018,3,0100,2018-03-12T01:00:00.000Z,2018,3,0700,2018-03-13T07:00:00.000Z,2018,3,1028,2018-03-13T14:28:00.000Z,234 DRIVING PARK AVE,Rochester,NY,251,Lake,Office,PL ,140.20   ,      ,3,D,F,Burglary,Burglary 3rd: Illegal Entry with Intent to Commit a Crime   ,5,Completed,* No Weapon Specified *,* No Larceny Type Specified *,Garage/Shed,251,Lake,1
-77.595670989988903,43.175034488253878,41029,"917 North St, Rochester, NY, 14605",917 NORTH ST,2018-00050638,2018,3,2136,2018-03-05T21:36:00.000Z,2018,3,2136,2018-03-05T21:36:00.000Z,2018,3,2136,2018-03-06T02:36:00.000Z,917 NORTH ST,Rochester,NY,277,Clinton,Warrant Application,PL ,165.05   ,01    ,3,A,M,Motor Vehicle Theft,Unauthorized Use of a Vehicle: Without Owner Consent        ,7,Completed,* No Weapon Specified *,Motor Vehicle Theft,Gas Station,277,Clinton,7
-77.592081876098348,43.182347176772353,41066,"252 Durnan St, Rochester, NY, 14621",252 DURNAN ST,2018-00049978,2018,3,2200,2018-03-04T22:00:00.000Z,2018,3,0445,2018-03-05T04:45:00.000Z,2018,3,0712,2018-03-05T12:12:00.000Z,252 DURNAN ST,Rochester,NY,237,Clinton,Office,PL ,140.20   ,      ,3,D,F,Burglary,Burglary 3rd: Illegal Entry with Intent to Commit a Crime   ,5,Completed,* No Weapon Specified *,* No Larceny Type Specified *,Single Family Home,237,Clinton,7
-77.640873663211337,43.176271619654621,42001,"21 Finch St, Rochester, NY, 14613",21 FINCH ST,2018-00051252,2018,3,1400,2018-03-06T14:00:00.000Z,2018,3,1722,2018-03-06T17:22:00.000Z,2018,3,1722,2018-03-06T22:22:00.000Z,21 FINCH ST,Rochester,NY,241,Lake,Field,PL ,140.25   ,02    ,2,C,F,Burglary,Burglary 2nd: Illegal Entry: Dwelling                       ,5,Completed,* No Weapon Specified *,* No Larceny Type Specified *,Multiple Dwelling,241,Lake,1
-77.576694695151701,43.147754955759105,42521,"707 Park Ave, Rochester, NY, 14607",707 PARK AVE,2018-00049207,2018,3,0001,2018-03-04T00:01:00.000Z,2018,3,0028,2018-03-04T00:28:00.000Z,2018,3,0028,2018-03-04T05:28:00.000Z,707 PARK AVE,Rochester,NY,245,Goodman,Exceptional Clearance,PL ,155.25   ,      ,0,A,M,Larceny,Petit Larceny                                               ,6,Completed,* No Weapon Specified *,All Other Larcenies,Restaurant,245,Goodman,5
-77.625970021303274,43.148061567925858,43574,"388 Tremont St, Rochester, NY, 14608",388 TREMONT ST,2018-00053832,2018,3,1845,2018-03-09T18:45:00.000Z,2018,3,1845,2018-03-09T18:45:00.000Z,2018,3,1853,2018-03-09T23:53:00.000Z,388 TREMONT ST,Rochester,NY,213,Genesee,Office,PL ,155.25   ,      ,0,A,M,Larceny,Petit Larceny                                               ,6,Completed,* No Weapon Specified *,All Other Larcenies,Street,213,Genesee,3
-77.589462675364828,43.144232493760725,43884,"694 Monroe Ave, Rochester, NY, 14607",694 MONROE AVE,2018-00052725,2018,3,1500,2018-03-07T15:00:00.000Z,2018,3,1500,2018-03-07T15:00:00.000Z,2018,3,1435,2018-03-08T19:35:00.000Z,694 MONROE AVE,Rochester,NY,245,Goodman,Office,PL ,155.25   ,      ,0,A,M,Larceny,Petit Larceny                                               ,6,Completed,* No Weapon Specified *,Pocket-picking,Other Outside Location,265,Goodman,5
-77.627866867063062,43.165552250607249,44655,"210 Spencer St, Rochester, NY, 14608",210 SPENCER ST,2018-00054189,2018,3,2100,2018-03-09T21:00:00.000Z,2018,3,0630,2018-03-10T06:30:00.000Z,2018,3,0712,2018-03-10T12:12:00.000Z,210 SPENCER ST,Rochester,NY,271,Lake,Office,PL ,155.25   ,      ,0,A,M,Larceny,Petit Larceny                                               ,6,Completed,* No Weapon Specified *,All Other Larcenies,Multiple Dwelling,271,Lake,1
-77.644849660251793,43.135926892428614,45301,"310 W High Ter, Rochester, NY, 14619",310 W HIGH TER,2018-00050825,2018,3,1800,2018-03-05T18:00:00.000Z,2018,3,0632,2018-03-06T06:32:00.000Z,2018,3,0632,2018-03-06T11:32:00.000Z,310 W HIGH TER,Rochester,NY,243,Genesee,Warrant Application,PL ,165.05   ,01    ,3,A,M,Motor Vehicle Theft,Unauthorized Use of a Vehicle: Without Owner Consent        ,7,Completed,* No Weapon Specified *,* No Larceny Type Specified *,Yard,243,Genesee,3
-77.621088151487868,43.149352625031646,45786,"164 Van Auker St, Rochester, NY, 14608",164 VAN AUKER ST,2018-00052727,2018,3,2300,2018-03-07T23:00:00.000Z,2018,3,1420,2018-03-08T14:20:00.000Z,2018,3,1435,2018-03-08T19:35:00.000Z,164 VAN AUKER ST,Rochester,NY,213,Genesee,Office,PL ,155.25   ,      ,0,A,M,Larceny,Petit Larceny                                               ,6,Completed,* No Weapon Specified *,Theft from Motor Vehicle,Parking Lot,213,Genesee,3
-77.638857944867766,43.13954452827182,45966,"96 Aberdeen St, Rochester, NY, 14619",96 ABERDEEN ST,2018-00050728,2018,3,0055,2018-03-06T00:55:00.000Z,2018,3,0055,2018-03-06T00:55:00.000Z,2018,3,0055,2018-03-06T05:55:00.000Z,96 ABERDEEN ST,Rochester,NY,253,Genesee,Warrant Application,PL ,155.25   ,      ,0,A,M,Larceny,Petit Larceny                                               ,6,Completed,* No Weapon Specified *,All Other Larcenies,Single Family Home,253,Genesee,3
-77.626282106385801,43.145988805040759,47209,"167 Reynolds St, Rochester, NY, 14608",167 REYNOLDS ST,2018-00052783,2018,3,1700,2018-03-06T17:00:00.000Z,2018,3,1501,2018-03-08T15:01:00.000Z,2018,3,1501,2018-03-08T20:01:00.000Z,167 REYNOLDS ST,Rochester,NY,233,Genesee,Office,PL ,140.25   ,02    ,2,C,F,Burglary,Burglary 2nd: Illegal Entry: Dwelling                       ,5,Completed,* No Weapon Specified *,* No Larceny Type Specified *,Single Family Home,233,Genesee,3
-77.58098094790347,43.185368730581587,47996,"104 Jackson St, Rochester, NY, 14621",104 JACKSON ST,2018-00055660,2018,3,1036,2018-03-12T10:36:00.000Z,2018,3,1036,2018-03-12T10:36:00.000Z,2018,3,1036,2018-03-12T14:36:00.000Z,104 JACKSON ST,Rochester,NY,237,Clinton,Office,PL ,155.25   ,      ,0,A,M,Larceny,Petit Larceny                                               ,6,Completed,* No Weapon Specified *,All Other Larcenies,Multiple Dwelling,237,Clinton,7
-77.640174488422986,43.180440533473217,48650,"375 Driving Park Ave, Rochester, NY, 14613",375 DRIVING PARK AVE,2018-00052753,2018,3,1300,2018-03-08T13:00:00.000Z,2018,3,1345,2018-03-08T13:45:00.000Z,2018,3,1520,2018-03-08T20:20:00.000Z,375 DRIVING PARK AVE,Rochester,NY,241,Lake,Office,PL ,155.25   ,      ,0,A,M,Larceny,Petit Larceny                                               ,6,Completed,* No Weapon Specified *,All Other Larcenies,Grocery/Supermarket,241,Lake,1
-77.607765805506347,43.158011464028959,49199,"71 Mortimer St, Rochester, NY, 14604",71 MORTIMER ST,2018-00054399,2018,3,1430,2018-03-10T14:30:00.000Z,2018,3,1500,2018-03-10T15:00:00.000Z,2018,3,1507,2018-03-10T20:07:00.000Z,71 MORTIMER ST,Rochester,NY,219,Central,Office,PL ,155.25   ,      ,0,A,M,Larceny,Petit Larceny                                               ,6,Completed,* No Weapon Specified *,All Other Larcenies,Other Outside Location,219,Central,9
-77.597925705481074,43.156117499040555,49351,"240 East Ave, Rochester, NY, 14607",240 EAST AVE,2018-00054754,2018,3,2040,2018-03-10T20:40:00.000Z,2018,3,2300,2018-03-10T23:00:00.000Z,2018,3,2337,2018-03-11T04:37:00.000Z,240 EAST AVE,Rochester,NY,219,Central,Office,PL ,155.30   ,08    ,4,E,F,Motor Vehicle Theft,Grand Larceny 4th: Motor Vehicle Value Exceeds $100         ,7,Completed,* No Weapon Specified *,Theft of Motor Vehicle Parts or Accessories,Street,219,Central,9
-77.597175653571924,43.194386612343642,50704,"1490 Hudson Ave, Rochester, NY, 14621",1490 HUDSON AVE,2018-00055296,2018,3,1914,2018-03-11T19:14:00.000Z,2018,3,1914,2018-03-11T19:14:00.000Z,2018,3,1915,2018-03-11T23:15:00.000Z,1490 HUDSON AVE,Rochester,NY,207,Clinton,Cleared by Arrest - Adult,PL ,155.25   ,      ,0,A,M,Larceny,Petit Larceny                                               ,6,Completed,* No Weapon Specified *,Shoplifting,Other Retail Store,207,Clinton,7
-77.597175653571924,43.194386612343642,50705,"1490 Hudson Ave, Rochester, NY, 14621",1490 HUDSON AVE,2018-00055286,2018,3,1700,2018-03-11T17:00:00.000Z,2018,3,1720,2018-03-11T17:20:00.000Z,2018,3,1900,2018-03-11T23:00:00.000Z,1490 HUDSON AVE,Rochester,NY,207,Clinton,Office,PL ,155.30   ,01    ,4,E,F,Larceny,Grand Larceny 4th: Value Property Greater Than $1000        ,6,Completed,* No Weapon Specified *,All Other Larcenies,Parking Lot,207,Clinton,7
-77.583177597931282,43.177144611748339,56443,"67 Clairmount St, Rochester, NY, 14621",67 CLAIRMOUNT ST,2018-00052095,2018,3,1540,2018-03-07T15:40:00.000Z,2018,3,1650,2018-03-07T16:50:00.000Z,2018,3,1721,2018-03-07T22:21:00.000Z,67 CLAIRMOUNT ST,Rochester,NY,267,Clinton,Field,PL ,140.25   ,02    ,2,C,F,Burglary,Burglary 2nd: Illegal Entry: Dwelling                       ,5,Completed,* No Weapon Specified *,* No Larceny Type Specified *,Single Family Home,267,Clinton,7
-77.653566969859668,43.189134408192771,56681,"315 La Grange Ave, Rochester, NY, 14615",315 LA GRANGE AVE,2018-00055849,2018,3,1500,2018-03-08T15:00:00.000Z,2018,3,0800,2018-03-12T08:00:00.000Z,2018,3,1454,2018-03-12T18:54:00.000Z,315 LA GRANGE AVE,Rochester,NY,221,Lake,Office,PL ,155.25   ,      ,0,A,M,Larceny,Petit Larceny                                               ,6,Completed,* No Weapon Specified *,All Other Larcenies,Single Family Home,221,Lake,1
-77.638541338277548,43.189717936618578,57218,"1274 Dewey Ave, Rochester, NY, 14613",1274 DEWEY AVE,2018-00051844,2018,3,2100,2018-03-03T21:00:00.000Z,2018,3,2130,2018-03-03T21:30:00.000Z,2018,3,1049,2018-03-07T15:49:00.000Z,1274 DEWEY AVE,Rochester,NY,231,Lake,Exceptional Clearance,PL ,155.25   ,      ,0,A,M,Larceny,Petit Larceny                                               ,6,Completed,* No Weapon Specified *,Theft from Coin-Operated Machine or Device,Barber/Beauty Shop,231,Lake,1
-77.587315247721676,43.142614049578,59832,"797 Monroe Ave, Rochester, NY, 14607",797 MONROE AVE,2018-00052238,2018,3,1835,2018-03-07T18:35:00.000Z,2018,3,1910,2018-03-07T19:10:00.000Z,2018,3,2150,2018-03-08T02:50:00.000Z,797 MONROE AVE,Rochester,NY,265,Goodman,Office,PL ,155.25   ,      ,0,A,M,Larceny,Petit Larceny                                               ,6,Completed,* No Weapon Specified *,All Other Larcenies,Public Transit Vehicle,265,Goodman,5
-77.625987032143939,43.166293697258922,60113,"134 Spencer St, Rochester, NY, 14608",134 SPENCER ST,2018-00051527,2018,3,2343,2018-03-06T23:43:00.000Z,2018,3,2343,2018-03-06T23:43:00.000Z,2018,3,2343,2018-03-07T04:43:00.000Z,134 SPENCER ST,Rochester,NY,271,Lake,Cleared by Arrest - Adult,PL ,120.05   ,06    ,2,D,F,Aggravated Assault,Assault 2nd: Cause Injury to Non Participant During Commissi,4,Completed,Personal Weapons,* No Larceny Type Specified *,Single Family Home,271,Lake,1
-77.585446748191899,43.14947503130977,63443,"389 Park Ave, Rochester, NY, 14607",389 PARK AVE,2018-00050801,2018,3,2000,2018-03-05T20:00:00.000Z,2018,3,0500,2018-03-06T05:00:00.000Z,2018,3,0545,2018-03-06T10:45:00.000Z,389 PARK AVE,Rochester,NY,245,Goodman,Office,PL ,155.25   ,      ,0,A,M,Larceny,Petit Larceny                                               ,6,Completed,* No Weapon Specified *,Theft from Motor Vehicle,Street,245,Goodman,5
-77.573103105311844,43.166375323654314,63537,"161 Melville St, Rochester, NY, 14609",161 MELVILLE ST,2018-00054892,2018,3,0407,2018-03-11T04:07:00.000Z,2018,3,0407,2018-03-11T04:07:00.000Z,2018,3,0407,2018-03-11T08:07:00.000Z,161 MELVILLE ST,Rochester,NY,215,Goodman,Cleared by Arrest - Adult,PL ,120.05   ,02    ,2,D,F,Aggravated Assault,Assault 2nd: Intent To Cause Physical Injury with Weapon/Ins,4,Completed,Blunt Object,* No Larceny Type Specified *,Single Family Home,215,Goodman,5
-77.645123782120706,43.131184746158034,64059,"362 Brooks Ave, Rochester, NY, 14619",362 BROOKS AVE,2018-00057345,2018,3,1225,2018-03-14T12:25:00.000Z,2018,3,1225,2018-03-14T12:25:00.000Z,2018,3,1225,2018-03-14T16:25:00.000Z,362 BROOKS AVE,Rochester,NY,243,Genesee,Field,PL ,120.14   ,01    ,2,A,M,Aggravated Assault,Menacing 2nd: Weapon                                        ,4,Completed,Semiautomatic Handgun,* No Larceny Type Specified *,Multiple Dwelling,243,Genesee,3
-77.595478879882094,43.153470143617028,64089,"277 Alexander St, Rochester, NY, 14607",277 ALEXANDER ST,2018-00050887,2018,3,2200,2018-03-05T22:00:00.000Z,2018,3,0830,2018-03-06T08:30:00.000Z,2018,3,0831,2018-03-06T13:31:00.000Z,277 ALEXANDER ST,Rochester,NY,219,Central,Office,PL ,155.25   ,      ,0,A,M,Larceny,Petit Larceny                                               ,6,Completed,* No Weapon Specified *,Theft from Motor Vehicle,Street,219,Central,9
-77.546497109939338,43.161171811555377,64166,"816 North Winton Rd, Rochester, NY, 14609",816 N WINTON ROAD,2018-00057441,2018,3,1645,2018-03-13T16:45:00.000Z,2018,3,1529,2018-03-14T15:29:00.000Z,2018,3,1529,2018-03-14T19:29:00.000Z,816 N WINTON ROAD,Rochester,NY,235,Goodman,Office,PL ,140.25   ,02    ,2,C,F,Burglary,Burglary 2nd: Illegal Entry: Dwelling                       ,5,Completed,* No Weapon Specified *,* No Larceny Type Specified *,Single Family Home,235,Goodman,5
-77.579071557851563,43.181201201790856,64200,"113 Northland Ave, Rochester, NY, 14609",113 NORTHLAND AVE,2018-00055216,2018,3,1722,2018-03-11T17:22:00.000Z,2018,3,1722,2018-03-11T17:22:00.000Z,2018,3,1722,2018-03-11T21:22:00.000Z,113 NORTHLAND AVE,Rochester,NY,267,Clinton,Cleared by Arrest - Adult,PL ,165.05   ,01    ,3,A,M,Motor Vehicle Theft,Unauthorized Use of a Vehicle: Without Owner Consent        ,7,Completed,* No Weapon Specified *,Motor Vehicle Theft,Street,267,Clinton,7
-77.624357925720261,43.123607946274468,64202,"601 Elmwood Ave, Rochester, NY, 14620",601 ELMWOOD AVE,2018-00055727,2018,3,0700,2018-03-06T07:00:00.000Z,2018,3,1600,2018-03-08T16:00:00.000Z,2018,3,1134,2018-03-12T15:34:00.000Z,601 ELMWOOD AVE,Rochester,NY,263,Genesee,Field,PL ,155.25   ,      ,0,A,M,Larceny,Petit Larceny                                               ,6,Completed,* No Weapon Specified *,All Other Larcenies,Hospital,263,Genesee,3
-77.621296419214218,43.173562143684251,64203,"21 Evergreen St, Rochester, NY, 14605",21 EVERGREEN ST,2018-00055913,2018,3,0700,2018-03-12T07:00:00.000Z,2018,3,1330,2018-03-12T13:30:00.000Z,2018,3,1549,2018-03-12T19:49:00.000Z,21 EVERGREEN ST,Rochester,NY,277,Clinton,Office,PL ,140.25   ,02    ,2,C,F,Burglary,Burglary 2nd: Illegal Entry: Dwelling                       ,5,Completed,* No Weapon Specified *,* No Larceny Type Specified *,Multiple Dwelling,277,Clinton,7
-77.607820268928961,43.19538668870878,64205,"370 E Ridge Rd, Rochester, NY, 14621",370 EAST RIDGE ROAD,2018-00051284,2018,3,1342,2018-03-06T13:42:00.000Z,2018,3,1342,2018-03-06T13:42:00.000Z,2018,3,1342,2018-03-06T18:42:00.000Z,370 EAST RIDGE ROAD,***,NY,***,***,Field,PL ,155.30   ,05    ,4,E,F,Larceny,Grand Larceny 4th: Property Taken From Person               ,6,Completed,* No Weapon Specified *,All Other Larcenies,Doctor's Office,,,
-77.599498094857211,43.154349009514682,64249,"15 Savannah St, Rochester, NY, 14607",15 SAVANNAH ST,2018-00055886,2018,3,1206,2018-03-12T12:06:00.000Z,2018,3,1530,2018-03-12T15:30:00.000Z,2018,3,1530,2018-03-12T19:30:00.000Z,15 SAVANNAH ST,Rochester,NY,219,Central,Office,PL ,155.25   ,      ,0,A,M,Larceny,Petit Larceny                                               ,6,Completed,* No Weapon Specified *,Theft from Building,Multiple Dwelling,219,Central,9
-77.624357925720261,43.123607946274468,64308,"601 Elmwood Ave, Rochester, NY, 14620",601 ELMWOOD AVE,2018-00053242,2018,3,2200,2018-03-08T22:00:00.000Z,2018,3,2300,2018-03-08T23:00:00.000Z,2018,3,0134,2018-03-09T06:34:00.000Z,601 ELMWOOD AVE,Rochester,NY,263,Genesee,Field,PL ,155.30   ,04    ,4,E,F,Larceny,Grand Larceny 4th: Credit Card                              ,6,Completed,* No Weapon Specified *,All Other Larcenies,Hospital,263,Genesee,3
-77.624357925720261,43.123607946274468,64323,"601 Elmwood Ave, Rochester, NY, 14620",601 ELMWOOD AVE,2018-00053302,2018,3,1900,2018-03-08T19:00:00.000Z,2018,3,0200,2018-03-09T02:00:00.000Z,2018,3,0330,2018-03-09T08:30:00.000Z,601 ELMWOOD AVE,Rochester,NY,263,Genesee,Field,PL ,155.30   ,04    ,4,E,F,Larceny,Grand Larceny 4th: Credit Card                              ,6,Completed,* No Weapon Specified *,Theft from Building,Hospital,263,Genesee,3
-77.626700998244218,43.129819000370816,64382,"500 Joseph C Wilson Blvd, Rochester, NY, 14620",500 JOSEPH C WILSON BLVD,2018-00051580,2018,3,0148,2018-03-07T01:48:00.000Z,2018,3,0155,2018-03-07T01:55:00.000Z,2018,3,0148,2018-03-07T06:48:00.000Z,500 JOSEPH C WILSON BLVD,Rochester,NY,263,Genesee,Office,PL ,155.25   ,      ,0,A,M,Larceny,Petit Larceny                                               ,6,Completed,* No Weapon Specified *,Theft from Building,College,263,Genesee,3
-77.590667312192593,43.15634800754701,64393,"10 Prince St, Rochester, NY, 14607",10 PRINCE ST,2018-00050898,2018,3,2040,2018-03-05T20:40:00.000Z,2018,3,0935,2018-03-06T09:35:00.000Z,2018,3,0937,2018-03-06T14:37:00.000Z,10 PRINCE ST,Rochester,NY,245,Goodman,Office,PL ,155.25   ,      ,0,A,M,Larceny,Petit Larceny                                               ,6,Completed,* No Weapon Specified *,Theft from Motor Vehicle,Parking Lot,245,Goodman,5
-77.636065676860653,43.165204341440152,64413,"33 Sherman St, Rochester, NY, 14606",33 SHERMAN ST,2018-00050547,2018,3,0520,2018-03-05T05:20:00.000Z,2018,3,1530,2018-03-05T15:30:00.000Z,2018,3,1652,2018-03-05T21:52:00.000Z,33 SHERMAN ST,Rochester,NY,261,Lake,Office,PL ,140.25   ,02    ,2,C,F,Burglary,Burglary 2nd: Illegal Entry: Dwelling                       ,5,Completed,* No Weapon Specified *,* No Larceny Type Specified *,Multiple Dwelling,261,Lake,1
-77.613317796906472,43.178223257854079,64440,"1050 N Clinton Ave, Rochester, NY, 14621",1050 N CLINTON AVE,2018-00049858,2018,3,0500,2018-03-04T05:00:00.000Z,2018,3,2330,2018-03-04T23:30:00.000Z,2018,3,2351,2018-03-05T04:51:00.000Z,1050 N CLINTON AVE,Rochester,NY,247,Clinton,Office,PL ,155.25   ,      ,0,A,M,Larceny,Petit Larceny                                               ,6,Completed,* No Weapon Specified *,Theft from Motor Vehicle,Multiple Dwelling,247,Clinton,7
-77.672427720761377,43.177811519854735,65456,"655 Colfax St, Rochester, NY, 14606",655 COLFAX ST,2018-00050297,2018,3,1124,2018-03-05T11:24:00.000Z,2018,3,1150,2018-03-05T11:50:00.000Z,2018,3,1400,2018-03-05T19:00:00.000Z,655 COLFAX ST,Rochester,NY,241,Lake,Cleared by Arrest - Adult,PL ,155.25   ,      ,0,A,M,Larceny,Petit Larceny                                               ,6,Completed,* No Weapon Specified *,All Other Larcenies,School,241,Lake,1
-77.597075927984548,43.156542882031211,67296,"17 Pitkin St, Rochester, NY, 14607",17 PITKIN ST,2018-00052046,2018,3,1200,2018-03-07T12:00:00.000Z,2018,3,1700,2018-03-07T17:00:00.000Z,2018,3,1726,2018-03-07T22:26:00.000Z,17 PITKIN ST,Rochester,NY,219,Central,Field,PL ,140.20   ,      ,3,D,F,Burglary,Burglary 3rd: Illegal Entry with Intent to Commit a Crime   ,5,Completed,* No Weapon Specified *,* No Larceny Type Specified *,Other Business Office,219,Central,9
-77.640311153692409,43.125216725237223,67664,"1301 Genesee St, Rochester, NY, 14611",1301 GENESEE ST,2018-00052505,2018,3,1700,2018-03-06T17:00:00.000Z,2018,3,1700,2018-03-06T17:00:00.000Z,2018,3,0930,2018-03-08T14:30:00.000Z,1301 GENESEE ST,Rochester,NY,243,Genesee,Warrant Application,PL ,165.05   ,01    ,3,A,M,Motor Vehicle Theft,Unauthorized Use of a Vehicle: Without Owner Consent        ,7,Completed,* No Weapon Specified *,* No Larceny Type Specified *,Street,243,Genesee,3
